Trade #,Type,Date and time,Signal,Price USDT,Size (qty),Size (value),Net P&L USDT,Net P&L %,Favorable excursion USDT,Favorable excursion %,Adverse excursion USDT,Adverse excursion %,Cumulative P&L USDT,Cumulative P&L %
1,Exit long,2025-05-23 13:35,TP,109400,0.917151,99591.0425,745.28,0.75,790.03,0.79,-1226.6,-1.23,745.28,0.07
1,Entry long,2025-05-23 12:05,L1,108587.4,0.917151,99591.0425,745.28,0.75,790.03,0.79,-1226.6,-1.23,745.28,0.07
2,Exit long,2025-05-23 23:55,TP,107132.9,0.934753,100156.1666,-13.37,-0.01,217.61,0.22,-162.74,-0.16,731.91,0.07
2,Entry long,2025-05-23 23:50,L2,107147.2,0.934753,100156.1666,-13.37,-0.01,217.61,0.22,-162.74,-0.16,731.91,0.07
3,Exit long,2025-05-29 19:35,TP,105914.8,0.945635,100147.2855,9.46,0.01,123.78,0.12,-79.53,-0.08,741.37,0.07
3,Entry long,2025-05-29 19:30,L3,105904.8,0.945635,100147.2855,9.46,0.01,123.78,0.12,-79.53,-0.08,741.37,0.07
4,Exit long,2025-05-30 23:55,TP,103961.1,0.961767,99836.60814,149.75,0.15,283.34,0.28,-240.83,-0.24,891.11,0.09
4,Entry long,2025-05-30 23:30,L4,103805.4,0.961767,99836.60814,149.75,0.15,283.34,0.28,-240.83,-0.24,891.11,0.09
5,Exit long,2025-06-04 12:20,TP,104969.6,0.952641,100127.9039,-129.56,-0.13,0.1,0.00,-129.56,-0.13,761.55,0.08
5,Entry long,2025-06-04 12:15,L5,105105.6,0.952641,100127.9039,-129.56,-0.13,0.1,0.00,-129.56,-0.13,761.55,0.08
6,Exit long,2025-06-05 17:05,TP,103387.3,0.967578,99862.56429,172.71,0.17,256.02,0.26,-124.53,-0.12,934.27,0.09
6,Entry long,2025-06-05 17:00,L6,103208.8,0.967578,99862.56429,172.71,0.17,256.02,0.26,-124.53,-0.12,934.27,0.09
7,Exit long,2025-06-05 20:30,TP,101405.8,0.989178,100340.9304,-32.54,-0.03,151.64,0.15,-180.72,-0.18,901.72,0.09
7,Entry long,2025-06-05 20:25,L7,101438.7,0.989178,100340.9304,-32.54,-0.03,151.64,0.15,-180.72,-0.18,901.72,0.09
8,Exit long,2025-06-11 18:40,TP,108704.4,0.922585,100257.2197,31.83,0.03,86.17,0.09,-102.59,-0.10,933.55,0.09
8,Entry long,2025-06-11 18:35,L8,108669.9,0.922585,100257.2197,31.83,0.03,86.17,0.09,-102.59,-0.10,933.55,0.09
9,Exit long,2025-06-12 10:35,TP,107227.1,0.933203,100074.45,-9.8,-0.01,73.72,0.07,-39.75,-0.04,923.75,0.09
9,Entry long,2025-06-12 10:30,L9,107237.6,0.933203,100074.45,-9.8,-0.01,73.72,0.07,-39.75,-0.04,923.75,0.09
10,Exit long,2025-06-12 21:15,TP,106137.2,0.944103,100145.6313,58.82,0.06,121.79,0.12,0,0.00,982.57,0.10
10,Entry long,2025-06-12 21:10,L10,106074.9,0.944103,100145.6313,58.82,0.06,121.79,0.12,0,0.00,982.57,0.10
11,Exit long,2025-06-13 03:55,TP,104418.7,0.95924,99643.16533,519.43,0.52,660.24,0.66,-1211.71,-1.22,1502,0.15
11,Entry long,2025-06-13 00:25,L11,103877.2,0.95924,99643.16533,519.43,0.52,660.24,0.66,-1211.71,-1.22,1502,0.15
12,Exit long,2025-06-17 10:15,TP,106034,0.944203,100111.2947,6.33,0.01,67.23,0.07,-20.21,-0.02,1508.33,0.15
12,Entry long,2025-06-17 10:10,L12,106027.3,0.944203,100111.2947,6.33,0.01,67.23,0.07,-20.21,-0.02,1508.33,0.15
13,Exit long,2025-06-17 19:25,TP,105270,0.952445,100091.9688,171.92,0.17,189.06,0.19,-1704.4,-1.70,1680.24,0.17
13,Entry long,2025-06-17 14:55,L13,105089.5,0.952445,100091.9688,171.92,0.17,189.06,0.19,-1704.4,-1.70,1680.24,0.17
14,Exit long,2025-06-18 19:20,TP,104043,0.964767,100585.1603,-207.91,-0.21,104.58,0.10,-245.15,-0.24,1472.33,0.15
14,Entry long,2025-06-18 19:15,L14,104258.5,0.964767,100585.1603,-207.91,-0.21,104.58,0.10,-245.15,-0.24,1472.33,0.15
15,Exit long,2025-06-20 17:45,TP,102830.5,0.975156,99934.47446,341.3,0.34,373.48,0.37,-98.78,-0.10,1813.64,0.18
15,Entry long,2025-06-20 17:40,L15,102480.5,0.975156,99934.47446,341.3,0.34,373.48,0.37,-98.78,-0.10,1813.64,0.18
16,Exit long,2025-06-21 21:45,TP,101770.6,0.989837,100327.2058,409.1,0.41,428.2,0.43,-53.75,-0.05,2222.74,0.22
16,Entry long,2025-06-21 21:40,L16,101357.3,0.989837,100327.2058,409.1,0.41,428.2,0.43,-53.75,-0.05,2222.74,0.22
17,Exit long,2025-06-22 14:35,TP,99832.1,1.006388,100130.876,338.95,0.34,691.89,0.69,-70.65,-0.07,2561.69,0.26
17,Entry long,2025-06-22 14:30,L17,99495.3,1.006388,100130.876,338.95,0.34,691.89,0.69,-70.65,-0.07,2561.69,0.26
18,Exit long,2025-06-22 20:30,TP,98466.1,1.019469,100383.2384,-0.1,0.00,79.21,0.08,-90.83,-0.09,2561.59,0.26
18,Entry long,2025-06-22 20:25,L18,98466.2,1.019469,100383.2384,-0.1,0.00,79.21,0.08,-90.83,-0.09,2561.59,0.26
19,Exit long,2025-06-27 14:10,TP,106886.3,0.938942,100457.4985,-97.46,-0.10,41.31,0.04,-131.55,-0.13,2464.13,0.25
19,Entry long,2025-06-27 14:05,L19,106990.1,0.938942,100457.4985,-97.46,-0.10,41.31,0.04,-131.55,-0.13,2464.13,0.25
20,Exit long,2025-07-01 20:20,TP,105519.1,0.951192,100255.0661,113.86,0.11,130.88,0.13,0,0.00,2577.98,0.26
20,Entry long,2025-07-01 20:15,L20,105399.4,0.951192,100255.0661,113.86,0.11,130.88,0.13,0,0.00,2577.98,0.26
21,Exit long,2025-07-04 08:20,TP,108619.2,0.923184,100191.3132,84.19,0.08,94.16,0.09,-66.1,-0.07,2662.18,0.27
21,Entry long,2025-07-04 08:15,L21,108528,0.923184,100191.3132,84.19,0.08,94.16,0.09,-66.1,-0.07,2662.18,0.27
22,Exit long,2025-07-04 16:40,TP,107618.6,0.932853,100193.7295,198.6,0.20,279.3,0.28,-5.22,-0.01,2860.78,0.29
22,Entry long,2025-07-04 16:35,L22,107405.7,0.932853,100193.7295,198.6,0.20,279.3,0.28,-5.22,-0.01,2860.78,0.29
23,Exit long,2025-07-15 13:45,TP,118268,0.846389,100108.1825,-7.45,-0.01,188.74,0.19,-1734.93,-1.73,2853.33,0.29
23,Entry long,2025-07-15 02:15,L23,118276.8,0.846389,100108.1825,-7.45,-0.01,188.74,0.19,-1734.93,-1.73,2853.33,0.29
24,Exit long,2025-07-15 15:15,TP,116118.5,0.863932,100315.2914,3.2,0.00,57.19,0.06,-32.48,-0.03,2856.53,0.29
24,Entry long,2025-07-15 15:10,L24,116114.8,0.863932,100315.2914,3.2,0.00,57.19,0.06,-32.48,-0.03,2856.53,0.29
25,Exit long,2025-07-17 12:50,TP,118169.4,0.852195,100537.279,166.09,0.17,175.13,0.17,-44.91,-0.04,3022.62,0.30
25,Entry long,2025-07-17 12:45,L25,117974.5,0.852195,100537.279,166.09,0.17,175.13,0.17,-44.91,-0.04,3022.62,0.30
26,Exit long,2025-07-25 03:25,TP,115991.7,0.863297,100027.0292,108.26,0.11,331.16,0.33,-0.09,0.00,3130.88,0.31
26,Entry long,2025-07-25 03:20,L26,115866.3,0.863297,100027.0292,108.26,0.11,331.16,0.33,-0.09,0.00,3130.88,0.31
27,Exit long,2025-07-28 15:20,TP,118204.5,0.848381,100215.854,66.6,0.07,138.54,0.14,-191.73,-0.19,3197.48,0.32
27,Entry long,2025-07-28 14:50,L27,118126,0.848381,100215.854,66.6,0.07,138.54,0.14,-191.73,-0.19,3197.48,0.32
28,Exit long,2025-07-30 19:25,TP,116213,0.863151,100301.7714,7.6,0.01,69.92,0.07,-83.73,-0.08,3205.08,0.32
28,Entry long,2025-07-30 19:20,L28,116204.2,0.863151,100301.7714,7.6,0.01,69.92,0.07,-83.73,-0.08,3205.08,0.32
29,Exit long,2025-08-01 08:55,TP,114703.7,0.875845,100432.0951,30.57,0.03,60,0.06,-67.09,-0.07,3235.64,0.32
29,Entry long,2025-08-01 08:50,L29,114668.8,0.875845,100432.0951,30.57,0.03,60,0.06,-67.09,-0.07,3235.64,0.32
30,Exit long,2025-08-01 20:25,TP,113427.7,0.885907,100427.6578,58.74,0.06,202.78,0.20,-39.69,-0.04,3294.38,0.33
30,Entry long,2025-08-01 20:20,L30,113361.4,0.885907,100427.6578,58.74,0.06,202.78,0.20,-39.69,-0.04,3294.38,0.33
31,Exit long,2025-08-14 12:55,TP,119053.7,0.839727,100156.1707,-183.56,-0.18,219.84,0.22,-235.46,-0.24,3110.81,0.31
31,Entry long,2025-08-14 12:50,L31,119272.3,0.839727,100156.1707,-183.56,-0.18,219.84,0.22,-235.46,-0.24,3110.81,0.31
32,Exit long,2025-08-14 16:45,TP,117659.2,0.852581,100402.6668,-88.67,-0.09,65.65,0.07,-104.01,-0.10,3022.15,0.30
32,Entry long,2025-08-14 16:40,L32,117763.2,0.852581,100402.6668,-88.67,-0.09,65.65,0.07,-104.01,-0.10,3022.15,0.30
33,Exit long,2025-08-18 02:30,TP,115739.2,0.866023,100223.716,9.09,0.01,79.59,0.08,-49.97,-0.05,3031.24,0.30
33,Entry long,2025-08-18 02:25,L33,115728.7,0.866023,100223.716,9.09,0.01,79.59,0.08,-49.97,-0.05,3031.24,0.30
34,Exit long,2025-08-20 00:10,TP,113118.6,0.877885,99973.10486,-667.98,-0.67,224.12,0.22,-1064.79,-1.07,2363.26,0.24
34,Entry long,2025-08-19 14:45,L34,113879.5,0.877885,99973.10486,-667.98,-0.67,224.12,0.22,-1064.79,-1.07,2363.26,0.24
35,Exit long,2025-08-20 00:10,TP,113118.6,0.010548,1193.222459,-0.05,0.00,0.95,0.08,-0.45,-0.04,2363.21,0.24
35,Entry long,2025-08-20 00:05,L35,113123.1,0.010548,1193.222459,-0.05,0.00,0.95,0.08,-0.45,-0.04,2363.21,0.24
36,Exit long,2025-08-20 15:20,TP,114127.5,0.877885,99309.07264,881.75,0.89,1015.01,1.02,-721.01,-0.73,3244.96,0.32
36,Entry long,2025-08-20 00:05,L35,113123.1,0.877885,99309.07264,881.75,0.89,1015.01,1.02,-721.01,-0.73,3244.96,0.32
37,Exit long,2025-08-23 15:30,TP,114848.9,0.87424,100358.9928,46.51,0.05,62.6,0.06,-83.66,-0.08,3291.47,0.33
37,Entry long,2025-08-23 15:25,L36,114795.7,0.87424,100358.9928,46.51,0.05,62.6,0.06,-83.66,-0.08,3291.47,0.33
38,Exit long,2025-08-24 21:35,TP,113372.9,0.887682,100066.7053,572.38,0.57,572.55,0.57,-1041.34,-1.04,3863.84,0.39
38,Entry long,2025-08-24 19:50,L37,112728.1,0.887682,100066.7053,572.38,0.57,572.55,0.57,-1041.34,-1.04,3863.84,0.39
39,Exit long,2025-08-25 20:20,TP,110371.7,0.908997,99990.3063,337.24,0.34,420.05,0.42,-0.27,0.00,4201.08,0.42
39,Entry long,2025-08-25 20:15,L38,110000.7,0.908997,99990.3063,337.24,0.34,420.05,0.42,-0.27,0.00,4201.08,0.42
40,Exit long,2025-08-26 01:05,TP,109220.1,0.920556,100386.1715,157.05,0.16,182.45,0.18,-450.89,-0.45,4358.13,0.44
40,Entry long,2025-08-26 01:00,L39,109049.5,0.920556,100386.1715,157.05,0.16,182.45,0.18,-450.89,-0.45,4358.13,0.44
41,Exit long,2025-08-29 03:25,TP,111535.3,0.900994,100503.5381,-10.9,-0.01,46.04,0.05,-10.9,-0.01,4347.23,0.43
41,Entry long,2025-08-29 03:20,L40,111547.4,0.900994,100503.5381,-10.9,-0.01,46.04,0.05,-10.9,-0.01,4347.23,0.43
42,Exit long,2025-08-29 08:05,TP,110048.8,0.912712,100370.0259,72.83,0.07,260.94,0.26,-42.62,-0.04,4420.06,0.44
42,Entry long,2025-08-29 08:00,L41,109969,0.912712,100370.0259,72.83,0.07,260.94,0.26,-42.62,-0.04,4420.06,0.44
43,Exit long,2025-08-29 14:25,TP,108750,0.922617,100289.8518,44.75,0.04,193.93,0.19,-397.19,-0.40,4464.81,0.45
43,Entry long,2025-08-29 14:10,L42,108701.5,0.922617,100289.8518,44.75,0.04,193.93,0.19,-397.19,-0.40,4464.81,0.45
44,Exit long,2025-08-29 21:05,TP,107643.2,0.933312,100557.3682,-92.68,-0.09,19.97,0.02,-309.02,-0.31,4372.13,0.44
44,Entry long,2025-08-29 21:00,L43,107742.5,0.933312,100557.3682,-92.68,-0.09,19.97,0.02,-309.02,-0.31,4372.13,0.44
45,Exit long,2025-09-04 06:55,TP,110436.6,0.909514,100410.7094,32.92,0.03,32.92,0.03,-148.43,-0.15,4405.05,0.44
45,Entry long,2025-09-04 06:40,L44,110400.4,0.909514,100410.7094,32.92,0.03,32.92,0.03,-148.43,-0.15,4405.05,0.44
46,Exit long,2025-09-15 02:05,TP,115339.2,0.871216,100372.7954,112.56,0.11,150.98,0.15,-377.24,-0.38,4517.61,0.45
46,Entry long,2025-09-15 00:00,L45,115210,0.871216,100372.7954,112.56,0.11,150.98,0.15,-377.24,-0.38,4517.61,0.45
47,Exit long,2025-09-19 10:45,TP,116473.1,0.862349,100369.9212,70.54,0.07,85.89,0.09,-8.8,-0.01,4588.15,0.46
47,Entry long,2025-09-19 10:20,L46,116391.3,0.862349,100369.9212,70.54,0.07,85.89,0.09,-8.8,-0.01,4588.15,0.46
48,Exit long,2025-09-19 20:20,TP,115294.8,0.871927,100500.8346,27.81,0.03,48.65,0.05,-20.49,-0.02,4615.97,0.46
48,Entry long,2025-09-19 20:15,L47,115262.9,0.871927,100500.8346,27.81,0.03,48.65,0.05,-20.49,-0.02,4615.97,0.46
49,Exit long,2025-09-23 03:30,TP,112263.6,0.896938,100554.015,139.47,0.14,234.82,0.23,-0.09,0.00,4755.44,0.48
49,Entry long,2025-09-23 03:25,L48,112108.1,0.896938,100554.015,139.47,0.14,234.82,0.23,-0.09,0.00,4755.44,0.48
50,Exit long,2025-09-25 17:55,TP,109060,0.91902,100269.5852,-41.26,-0.04,225.16,0.22,-45.49,-0.05,4714.18,0.47
50,Entry long,2025-09-25 17:50,L49,109104.9,0.91902,100269.5852,-41.26,-0.04,225.16,0.22,-45.49,-0.05,4714.18,0.47
51,Exit long,2025-10-07 14:50,TP,122781,0.81901,100547.0731,11.79,0.01,157.74,0.16,-34.89,-0.03,4725.97,0.47
51,Entry long,2025-10-07 14:45,L50,122766.6,0.81901,100547.0731,11.79,0.01,157.74,0.16,-34.89,-0.03,4725.97,0.47
52,Exit long,2025-10-07 18:45,TP,120738.5,0.832042,100376.798,82.7,0.08,111.08,0.11,-77.88,-0.08,4808.68,0.48
52,Entry long,2025-10-07 18:40,L51,120639.1,0.832042,100376.798,82.7,0.08,111.08,0.11,-77.88,-0.08,4808.68,0.48
53,Exit long,2025-10-10 17:30,TP,118108.6,0.851467,100521.5545,44.02,0.04,122.78,0.12,-65.48,-0.07,4852.7,0.49
53,Entry long,2025-10-10 17:25,L52,118056.9,0.851467,100521.5545,44.02,0.04,122.78,0.12,-65.48,-0.07,4852.7,0.49
54,Exit long,2025-10-12 20:30,TP,115175,0.873732,99939.47574,692.61,0.69,806.89,0.81,-11241.26,-11.25,5545.31,0.55
54,Entry long,2025-10-10 21:10,L53,114382.3,0.873732,99939.47574,692.61,0.69,806.89,0.81,-11241.26,-11.25,5545.31,0.55
55,Exit long,2025-10-14 05:55,TP,112533.2,0.894252,100620.4302,12.61,0.01,114.82,0.11,-97.92,-0.10,5557.91,0.56
55,Entry long,2025-10-14 05:50,L54,112519.1,0.894252,100620.4302,12.61,0.01,114.82,0.11,-97.92,-0.10,5557.91,0.56
56,Exit long,2025-10-14 13:55,TP,110919.2,0.908737,100786.2032,10.18,0.01,134.58,0.13,-224.91,-0.22,5568.09,0.56
56,Entry long,2025-10-14 13:50,L55,110908,0.908737,100786.2032,10.18,0.01,134.58,0.13,-224.91,-0.22,5568.09,0.56
57,Exit long,2025-10-17 11:20,TP,106055.7,0.946355,100267.7318,98.61,0.10,395.39,0.39,-2348.38,-2.34,5666.7,0.57
57,Entry long,2025-10-17 07:35,L56,105951.5,0.946355,100267.7318,98.61,0.10,395.39,0.39,-2348.38,-2.34,5666.7,0.57
58,Exit long,2025-10-21 04:30,TP,108181.9,0.929785,100562.4773,23.43,0.02,77.45,0.08,-86.56,-0.09,5690.13,0.57
58,Entry long,2025-10-21 04:25,L57,108156.7,0.929785,100562.4773,23.43,0.02,77.45,0.08,-86.56,-0.09,5690.13,0.57
59,Exit long,2025-10-27 23:25,TP,113840.1,0.882179,100548.9981,-121.65,-0.12,42.96,0.04,-163.73,-0.16,5568.48,0.56
59,Entry long,2025-10-27 23:15,L58,113978,0.882179,100548.9981,-121.65,-0.12,42.96,0.04,-163.73,-0.16,5568.48,0.56
60,Exit long,2025-10-28 21:45,TP,113066.4,0.890078,100299.7745,338.14,0.34,338.14,0.34,-502.98,-0.50,5906.62,0.59
60,Entry long,2025-10-28 20:45,L59,112686.5,0.890078,100299.7745,338.14,0.34,338.14,0.34,-502.98,-0.50,5906.62,0.59
61,Exit long,2025-10-29 16:25,TP,111294.9,0.906323,100705.3551,163.77,0.16,204.83,0.20,0,0.00,6070.39,0.61
61,Entry long,2025-10-29 16:20,L60,111114.2,0.906323,100705.3551,163.77,0.16,204.83,0.20,0,0.00,6070.39,0.61
62,Exit long,2025-10-30 19:30,TP,106968.4,0.939931,100435.5751,107.34,0.11,214.02,0.21,-233.57,-0.23,6177.73,0.62
62,Entry long,2025-10-30 19:15,L61,106854.2,0.939931,100435.5751,107.34,0.11,214.02,0.21,-233.57,-0.23,6177.73,0.62
63,Exit long,2025-11-02 16:35,TP,109951.3,0.915021,100677.2901,-69.54,-0.07,35.59,0.04,-125.63,-0.12,6108.19,0.61
63,Entry long,2025-11-02 16:30,L62,110027.3,0.915021,100677.2901,-69.54,-0.07,35.59,0.04,-125.63,-0.12,6108.19,0.61
64,Exit long,2025-11-03 03:45,TP,108207.5,0.930202,100637.9032,16.93,0.02,126.23,0.13,-17.02,-0.02,6125.12,0.61
64,Entry long,2025-11-03 03:40,L63,108189.3,0.930202,100637.9032,16.93,0.02,126.23,0.13,-17.02,-0.02,6125.12,0.61
65,Exit long,2025-11-03 16:25,TP,106363.4,0.945489,100281.4944,283.93,0.28,358.62,0.36,-721.5,-0.72,6409.05,0.64
65,Entry long,2025-11-03 15:45,L64,106063.1,0.945489,100281.4944,283.93,0.28,358.62,0.36,-721.5,-0.72,6409.05,0.64
66,Exit long,2025-11-04 06:20,TP,104865.4,0.964996,101179.7341,14.96,0.01,328.2,0.32,-64.17,-0.06,6424.01,0.64
66,Entry long,2025-11-04 06:15,L65,104849.9,0.964996,101179.7341,14.96,0.01,328.2,0.32,-64.17,-0.06,6424.01,0.64
67,Exit long,2025-11-04 20:35,TP,100087.7,0.984495,100187.429,-1651.59,-1.65,205.46,0.21,-2247.31,-2.24,4772.42,0.48
67,Entry long,2025-11-04 17:05,L66,101765.3,0.984495,100187.429,-1651.59,-1.65,205.46,0.21,-2247.31,-2.24,4772.42,0.48
68,Exit long,2025-11-04 20:35,TP,100087.7,0.020034,2013.284776,-8.13,-0.40,4.37,0.22,-10.6,-0.53,4764.29,0.48
68,Entry long,2025-11-04 20:30,L67,100493.4,0.020034,2013.284776,-8.13,-0.40,4.37,0.22,-10.6,-0.53,4764.29,0.48
69,Exit long,2025-11-05 05:15,TP,102209.1,0.984495,98935.24983,1689.1,1.71,1804.58,1.82,-1579.72,-1.60,6453.39,0.65
69,Entry long,2025-11-04 20:30,L67,100493.4,0.984495,98935.24983,1689.1,1.71,1804.58,1.82,-1579.72,-1.60,6453.39,0.65
70,Exit long,2025-11-06 16:05,TP,102121.9,0.985641,100517.2462,138.29,0.14,138.29,0.14,-43.86,-0.04,6591.68,0.66
70,Entry long,2025-11-06 16:00,L68,101981.6,0.985641,100517.2462,138.29,0.14,138.29,0.14,-43.86,-0.04,6591.68,0.66
71,Exit long,2025-11-07 11:35,TP,100000,1.00659,100543.2422,115.76,0.12,250.94,0.25,-58.38,-0.06,6707.43,0.67
71,Entry long,2025-11-07 11:30,L69,99885,1.00659,100543.2422,115.76,0.12,250.94,0.25,-58.38,-0.06,6707.43,0.67
72,Exit long,2025-11-09 03:45,TP,101601,0.991874,100724.9039,50.49,0.05,165.05,0.16,-0.1,0.00,6757.92,0.68
72,Entry long,2025-11-09 03:40,L70,101550.1,0.991874,100724.9039,50.49,0.05,165.05,0.16,-0.1,0.00,6757.92,0.68
73,Exit long,2025-11-11 13:45,TP,104312.4,0.965185,100687.2305,-6.47,-0.01,133.97,0.13,-70.65,-0.07,6751.45,0.68
73,Entry long,2025-11-11 13:40,L71,104319.1,0.965185,100687.2305,-6.47,-0.01,133.97,0.13,-70.65,-0.07,6751.45,0.68
74,Exit long,2025-11-11 18:00,TP,103294,0.977574,100848.3912,129.14,0.13,191.31,0.19,-0.1,0.00,6880.59,0.69
74,Entry long,2025-11-11 17:55,L72,103161.9,0.977574,100848.3912,129.14,0.13,191.31,0.19,-0.1,0.00,6880.59,0.69
75,Exit long,2025-11-12 19:25,TP,101122.1,0.995784,100685.0148,10.75,0.01,88.33,0.09,-44.41,-0.04,6891.35,0.69
75,Entry long,2025-11-12 19:20,L73,101111.3,0.995784,100685.0148,10.75,0.01,88.33,0.09,-44.41,-0.04,6891.35,0.69
76,Exit long,2025-11-13 23:20,TP,100339.9,1.005115,100495.6192,357.52,0.36,357.52,0.36,-2035.56,-2.03,7248.87,0.72
76,Entry long,2025-11-13 17:45,L74,99984.2,1.005115,100495.6192,357.52,0.36,357.52,0.36,-2035.56,-2.03,7248.87,0.72
77,Exit long,2025-11-14 07:05,TP,97133.6,1.042092,101636.2749,-414.13,-0.41,190.91,0.19,-462.27,-0.45,6834.74,0.68
77,Entry long,2025-11-14 07:00,L75,97531,1.042092,101636.2749,-414.13,-0.41,190.91,0.19,-462.27,-0.45,6834.74,0.68
78,Exit long,2025-11-14 13:00,TP,95327,1.056351,100614.5806,84.19,0.08,198.59,0.20,-153.91,-0.15,6918.93,0.69
78,Entry long,2025-11-14 12:55,L76,95247.3,1.056351,100614.5806,84.19,0.08,198.59,0.20,-153.91,-0.15,6918.93,0.69
79,Exit long,2025-11-16 21:25,TP,93619.5,1.074097,100597.3472,-40.92,-0.04,152.95,0.15,-109.34,-0.11,6878.01,0.69
79,Entry long,2025-11-16 21:20,L77,93657.6,1.074097,100597.3472,-40.92,-0.04,152.95,0.15,-109.34,-0.11,6878.01,0.69
80,Exit long,2025-11-17 18:05,TP,92820.9,1.086439,100738.9698,105.28,0.10,193.39,0.19,-183.5,-0.18,6983.28,0.70
80,Entry long,2025-11-17 18:00,L78,92724,1.086439,100738.9698,105.28,0.10,193.39,0.19,-183.5,-0.18,6983.28,0.70
81,Exit long,2025-11-18 05:05,TP,89921.5,1.123426,101163.8372,-143.69,-0.14,73.14,0.07,-418.59,-0.41,6839.6,0.68
81,Entry long,2025-11-18 05:00,L79,90049.4,1.123426,101163.8372,-143.69,-0.14,73.14,0.07,-418.59,-0.41,6839.6,0.68
82,Exit long,2025-11-20 16:30,TP,88669.5,1.135211,100622.1515,36.44,0.04,474.06,0.47,-70.84,-0.07,6876.04,0.69
82,Entry long,2025-11-20 16:25,L80,88637.4,1.135211,100622.1515,36.44,0.04,474.06,0.47,-70.84,-0.07,6876.04,0.69
83,Exit long,2025-11-20 19:25,TP,86667.3,1.165628,100792.7857,229.05,0.23,440.49,0.44,-16.9,-0.02,7105.08,0.71
83,Entry long,2025-11-20 19:20,L81,86470.8,1.165628,100792.7857,229.05,0.23,440.49,0.44,-16.9,-0.02,7105.08,0.71
84,Exit long,2025-11-21 14:45,TP,84868.1,1.182384,98542.95676,1803.73,1.83,2256.11,2.29,-3242.81,-3.29,8908.81,0.89
84,Entry long,2025-11-21 07:35,L82,83342.6,1.182384,98542.95676,1803.73,1.83,2256.11,2.29,-3242.81,-3.29,8908.81,0.89
85,Exit long,2025-11-29 18:30,TP,90252.9,1.117931,100888.4656,8.05,0.01,41.81,0.04,-71.55,-0.07,8916.86,0.89
85,Entry long,2025-11-29 18:25,L83,90245.7,1.117931,100888.4656,8.05,0.01,41.81,0.04,-71.55,-0.07,8916.86,0.89
86,Exit long,2025-12-01 01:20,TP,87494.8,1.150255,100538.3834,102.95,0.10,354.97,0.35,-581.22,-0.58,9019.81,0.90
86,Entry long,2025-12-01 00:50,L84,87405.3,1.150255,100538.3834,102.95,0.10,354.97,0.35,-581.22,-0.58,9019.81,0.90
87,Exit long,2025-12-01 04:35,TP,85877.1,1.176005,100794.3301,197.57,0.20,232.14,0.23,-50.69,-0.05,9217.38,0.92
87,Entry long,2025-12-01 04:30,L85,85709.1,1.176005,100794.3301,197.57,0.20,232.14,0.23,-50.69,-0.05,9217.38,0.92
88,Exit long,2025-12-01 16:05,TP,84482.2,1.191472,100858.1048,-199.93,-0.20,216.85,0.22,-235.08,-0.23,9017.45,0.90
88,Entry long,2025-12-01 16:00,L86,84650,1.191472,100858.1048,-199.93,-0.20,216.85,0.22,-235.08,-0.23,9017.45,0.90
89,Exit long,2025-12-04 18:00,TP,92384.6,1.095029,101076.9804,86.84,0.09,139.29,0.14,-5.8,-0.01,9104.28,0.91
89,Entry long,2025-12-04 17:55,L87,92305.3,1.095029,101076.9804,86.84,0.09,139.29,0.14,-5.8,-0.01,9104.28,0.91
90,Exit long,2025-12-05 15:05,TP,91140.6,1.110511,100589.0869,623.55,0.62,661.09,0.66,-795.24,-0.79,9727.83,0.97
90,Entry long,2025-12-05 13:40,L88,90579.1,1.110511,100589.0869,623.55,0.62,661.09,0.66,-795.24,-0.79,9727.83,0.97
91,Exit long,2025-12-05 17:00,TP,88757.6,1.14303,101397.1626,55.44,0.05,332.39,0.33,-161.28,-0.16,9783.27,0.98
91,Entry long,2025-12-05 16:55,L89,88709.1,1.14303,101397.1626,55.44,0.05,332.39,0.33,-161.28,-0.16,9783.27,0.98
92,Exit long,2025-12-09 05:35,TP,90107.3,1.123992,100958.3102,321.57,0.32,323.6,0.32,-12.59,-0.01,10104.84,1.01
92,Entry long,2025-12-09 05:30,L90,89821.2,1.123992,100958.3102,321.57,0.32,323.6,0.32,-12.59,-0.01,10104.84,1.01
93,Exit long,2025-12-11 15:15,TP,90074.3,1.105148,100955.3803,-1409.95,-1.40,22.21,0.02,-2376.18,-2.35,8694.9,0.87
93,Entry long,2025-12-11 01:00,L91,91350.1,1.105148,100955.3803,-1409.95,-1.40,22.21,0.02,-2376.18,-2.35,8694.9,0.87
94,Exit long,2025-12-11 15:15,TP,90074.3,0.019829,1784.580256,1.5,0.08,3.53,0.20,-2.45,-0.14,8696.4,0.87
94,Entry long,2025-12-11 15:10,L92,89998.5,0.019829,1784.580256,1.5,0.08,3.53,0.20,-2.45,-0.14,8696.4,0.87
95,Exit long,2025-12-11 19:40,TP,91372.4,1.105148,99461.66228,1518.36,1.53,1658.27,1.67,-785.21,-0.79,10214.76,1.02
95,Entry long,2025-12-11 15:10,L92,89998.5,1.105148,99461.66228,1518.36,1.53,1658.27,1.67,-785.21,-0.79,10214.76,1.02
96,Exit long,2025-12-14 11:55,TP,89186,1.137247,101304.7118,121.8,0.12,246.1,0.24,-70.62,-0.07,10336.56,1.03
96,Entry long,2025-12-14 11:50,L93,89078.9,1.137247,101304.7118,121.8,0.12,246.1,0.24,-70.62,-0.07,10336.56,1.03
97,Exit long,2025-12-14 23:45,TP,88000,1.149345,101157.4164,-15.06,-0.01,66.32,0.07,-80.34,-0.08,10321.51,1.03
97,Entry long,2025-12-14 23:40,L94,88013.1,1.149345,101157.4164,-15.06,-0.01,66.32,0.07,-80.34,-0.08,10321.51,1.03
98,Exit long,2025-12-15 17:00,TP,86360.6,1.172476,101283.0495,-27.32,-0.03,115.25,0.11,-215.62,-0.21,10294.19,1.03
98,Entry long,2025-12-15 16:55,L95,86383.9,1.172476,101283.0495,-27.32,-0.03,115.25,0.11,-215.62,-0.21,10294.19,1.03
99,Exit long,2025-12-18 20:05,TP,85022.1,1.192186,100676.5311,685.63,0.68,741.3,0.74,-45.78,-0.05,10979.81,1.10
99,Entry long,2025-12-18 20:00,L96,84447,1.192186,100676.5311,685.63,0.68,741.3,0.74,-45.78,-0.05,10979.81,1.10
100,Exit long,2025-12-21 13:50,TP,87741.8,1.15032,101091.502,-160.35,-0.16,28.41,0.03,-293.56,-0.29,10819.46,1.08
100,Entry long,2025-12-21 13:45,L97,87881.2,1.15032,101091.502,-160.35,-0.16,28.41,0.03,-293.56,-0.29,10819.46,1.08
101,Exit long,2025-12-23 15:15,TP,86924.8,1.16326,101234.5627,-118.42,-0.12,85.38,0.08,-233.7,-0.23,10701.04,1.07
101,Entry long,2025-12-23 15:10,L98,87026.6,1.16326,101234.5627,-118.42,-0.12,85.38,0.08,-233.7,-0.23,10701.04,1.07
102,Exit long,2025-12-31 15:50,TP,88107.4,1.148414,101067.4373,116.33,0.12,136.89,0.14,-29.97,-0.03,10817.37,1.08
102,Entry long,2025-12-31 15:45,L99,88006.1,1.148414,101067.4373,116.33,0.12,136.89,0.14,-29.97,-0.03,10817.37,1.08
103,Exit long,2026-01-06 17:05,TP,92694.2,1.090527,100893.0498,192.48,0.19,245.8,0.24,-258.78,-0.26,11009.85,1.10
103,Entry long,2026-01-06 16:45,L100,92517.7,1.090527,100893.0498,192.48,0.19,245.8,0.24,-258.78,-0.26,11009.85,1.10
104,Exit long,2026-01-07 19:35,TP,90988.2,1.110388,100813.57,218.64,0.22,303.91,0.30,-174.55,-0.17,11228.49,1.12
104,Entry long,2026-01-07 19:10,L101,90791.3,1.110388,100813.57,218.64,0.22,303.91,0.30,-174.55,-0.17,11228.49,1.12
105,Exit long,2026-01-08 07:20,TP,90068.1,1.124459,101211.2052,66.68,0.07,96.93,0.10,-55.66,-0.05,11295.17,1.13
105,Entry long,2026-01-08 07:15,L102,90008.8,1.124459,101211.2052,66.68,0.07,96.93,0.10,-55.66,-0.05,11295.17,1.13
106,Exit long,2026-01-15 19:50,TP,95553.9,1.060934,101169.4992,206.88,0.20,225.66,0.22,-26.31,-0.03,11502.05,1.15
106,Entry long,2026-01-15 19:45,L103,95358.9,1.060934,101169.4992,206.88,0.20,225.66,0.22,-26.31,-0.03,11502.05,1.15
107,Exit long,2026-01-16 15:55,TP,94508.9,1.070492,101049.3064,121.71,0.12,158.65,0.16,-58.56,-0.06,11623.76,1.16
107,Entry long,2026-01-16 15:50,L104,94395.2,1.070492,101049.3064,121.71,0.12,158.65,0.16,-58.56,-0.06,11623.76,1.16
108,Exit long,2026-01-19 00:45,TP,92916,1.089792,100695.691,563.42,0.56,654.96,0.65,-340.12,-0.34,12187.19,1.22
108,Entry long,2026-01-19 00:15,L105,92399,1.089792,100695.691,563.42,0.56,654.96,0.65,-340.12,-0.34,12187.19,1.22
109,Exit long,2026-01-20 05:15,TP,91377,1.104998,101165.4399,-194.04,-0.19,80.55,0.08,-279.12,-0.28,11993.15,1.20
109,Entry long,2026-01-20 05:10,L106,91552.6,1.104998,101165.4399,-194.04,-0.19,80.55,0.08,-279.12,-0.28,11993.15,1.20
110,Exit long,2026-01-20 15:30,TP,90592.9,1.124268,101858.5684,-7.87,-0.01,121.08,0.12,-101.63,-0.10,11985.28,1.20
110,Entry long,2026-01-20 15:25,L107,90599.9,1.124268,101858.5684,-7.87,-0.01,121.08,0.12,-101.63,-0.10,11985.28,1.20
111,Exit long,2026-01-25 04:35,TP,89008.7,1.13706,101016.2967,191.94,0.19,237.76,0.24,-45.37,-0.04,12177.22,1.22
111,Entry long,2026-01-25 03:35,L108,88839.9,1.13706,101016.2967,191.94,0.19,237.76,0.24,-45.37,-0.04,12177.22,1.22
112,Exit long,2026-01-25 09:00,TP,88254.9,1.147187,101260.0168,-15.14,-0.01,45.43,0.04,-15.26,-0.02,12162.07,1.22
112,Entry long,2026-01-25 08:55,L109,88268.1,1.147187,101260.0168,-15.14,-0.01,45.43,0.04,-15.26,-0.02,12162.07,1.22
113,Exit long,2026-01-25 19:50,TP,86444.4,1.168839,101300.0034,-260.42,-0.26,0.12,0.00,-309.16,-0.31,11901.65,1.19
113,Entry long,2026-01-25 19:45,L110,86667.2,1.168839,101300.0034,-260.42,-0.26,0.12,0.00,-309.16,-0.31,11901.65,1.19
114,Exit long,2026-01-29 01:45,TP,88797.5,1.140336,101261.9508,-2.96,0.00,29.53,0.03,-78.11,-0.08,11898.69,1.19
114,Entry long,2026-01-29 01:40,L111,88800.1,1.140336,101261.9508,-2.96,0.00,29.53,0.03,-78.11,-0.08,11898.69,1.19
115,Exit long,2026-01-29 14:55,TP,87422.9,1.154555,101317.7431,-383.2,-0.38,3.69,0.00,-430.65,-0.43,11515.49,1.15
115,Entry long,2026-01-29 14:50,L112,87754.8,1.154555,101317.7431,-383.2,-0.38,3.69,0.00,-430.65,-0.43,11515.49,1.15
116,Exit long,2026-01-29 18:15,TP,84483.6,1.197723,101137.0476,50.9,0.05,184.69,0.18,-24.19,-0.02,11566.4,1.16
116,Entry long,2026-01-29 18:10,L113,84441.1,1.197723,101137.0476,50.9,0.05,184.69,0.18,-24.19,-0.02,11566.4,1.16
117,Exit long,2026-01-30 02:00,TP,82434.7,1.233799,101694.5254,13.33,0.01,124,0.12,-152.87,-0.15,11579.72,1.16
117,Entry long,2026-01-30 01:55,L114,82423.9,1.233799,101694.5254,13.33,0.01,124,0.12,-152.87,-0.15,11579.72,1.16
118,Exit long,2026-01-31 17:30,TP,79081.7,1.280033,101094.8303,132.36,0.13,236.68,0.23,-85.89,-0.08,11712.08,1.17
118,Entry long,2026-01-31 17:25,L115,78978.3,1.280033,101094.8303,132.36,0.13,236.68,0.23,-85.89,-0.08,11712.08,1.17
119,Exit long,2026-02-01 21:30,TP,76955.9,1.321002,101290.3383,368.56,0.36,473.32,0.47,0,0.00,12080.64,1.21
119,Entry long,2026-02-01 21:25,L116,76676.9,1.321002,101290.3383,368.56,0.36,473.32,0.47,0,0.00,12080.64,1.21
120,Exit long,2026-02-02 03:50,TP,75877.1,1.348617,100916.0661,1413.08,1.40,1427.92,1.41,-369.93,-0.37,13493.72,1.35
120,Entry long,2026-02-02 03:35,L117,74829.3,1.348617,100916.0661,1413.08,1.40,1427.92,1.41,-369.93,-0.37,13493.72,1.35
121,Exit long,2026-02-03 15:25,TP,77226.9,1.306216,100765.2903,109.72,0.11,617.97,0.61,-186.01,-0.18,13603.44,1.36
121,Entry long,2026-02-03 15:15,L118,77142.9,1.306216,100765.2903,109.72,0.11,617.97,0.61,-186.01,-0.18,13603.44,1.36
122,Exit long,2026-02-03 19:15,TP,74523.5,1.36335,100984.6979,616.92,0.61,1116.45,1.11,-1611.21,-1.60,14220.35,1.42
122,Entry long,2026-02-03 18:30,L119,74071,1.36335,100984.6979,616.92,0.61,1116.45,1.11,-1611.21,-1.60,14220.35,1.42
123,Exit long,2026-02-04 18:15,TP,72835.1,1.386431,100885.4541,95.39,0.09,686.14,0.68,-922.39,-0.91,14315.74,1.43
123,Entry long,2026-02-04 17:25,L120,72766.3,1.386431,100885.4541,95.39,0.09,686.14,0.68,-922.39,-0.91,14315.74,1.43
124,Exit long,2026-02-04 22:25,TP,73251.5,1.402796,101900.6445,856.27,0.84,1064.58,1.04,-57.8,-0.06,15172.01,1.52
124,Entry long,2026-02-04 22:20,L121,72641.1,1.402796,101900.6445,856.27,0.84,1064.58,1.04,-57.8,-0.06,15172.01,1.52
125,Exit long,2026-02-05 04:25,TP,71173.6,1.431485,101810.6488,73.29,0.07,313.92,0.31,-97.05,-0.10,15245.3,1.52
125,Entry long,2026-02-05 04:20,L122,71122.4,1.431485,101810.6488,73.29,0.07,313.92,0.31,-97.05,-0.10,15245.3,1.52
126,Exit long,2026-02-05 11:50,TP,70473.9,1.439517,101407.2069,41.17,0.04,162.23,0.16,-235.07,-0.23,15286.47,1.53
126,Entry long,2026-02-05 11:45,L123,70445.3,1.439517,101407.2069,41.17,0.04,162.23,0.16,-235.07,-0.23,15286.47,1.53
127,Exit long,2026-02-05 15:40,TP,67504.2,1.519792,101724.086,868.26,0.85,978.59,0.96,-139.21,-0.14,16154.73,1.62
127,Entry long,2026-02-05 15:35,L124,66932.9,1.519792,101724.086,868.26,0.85,978.59,0.96,-139.21,-0.14,16154.73,1.62
128,Exit long,2026-02-05 18:40,TP,65678.4,1.544066,101276.5242,135.26,0.13,349.11,0.34,-139.89,-0.14,16289.99,1.63
128,Entry long,2026-02-05 18:35,L125,65590.8,1.544066,101276.5242,135.26,0.13,349.11,0.34,-139.89,-0.14,16289.99,1.63
129,Exit long,2026-02-09 14:30,TP,68950.1,1.462559,101185.2431,-341.65,-0.34,134.56,0.13,-1333.85,-1.32,15948.33,1.59
129,Entry long,2026-02-09 10:20,L126,69183.7,1.462559,101185.2431,-341.65,-0.34,134.56,0.13,-1333.85,-1.32,15948.33,1.59
130,Exit long,2026-02-09 14:30,TP,68950.1,0.019303,1326.473205,4.47,0.34,5.83,0.44,0,0.00,15952.81,1.60
130,Entry long,2026-02-09 14:25,L127,68718.5,0.019303,1326.473205,4.47,0.34,5.83,0.44,0,0.00,15952.81,1.60
131,Exit long,2026-02-09 14:45,TP,69138.3,1.462559,100504.8606,613.98,0.61,1494.59,1.49,-382.61,-0.38,16566.79,1.66
131,Entry long,2026-02-09 14:25,L127,68718.5,1.462559,100504.8606,613.98,0.61,1494.59,1.49,-382.61,-0.38,16566.79,1.66
132,Exit long,2026-02-11 05:00,TP,67548.8,1.504707,101432.1484,209,0.21,259.26,0.26,-68.01,-0.07,16775.79,1.68
132,Entry long,2026-02-11 04:55,L128,67409.9,1.504707,101432.1484,209,0.21,259.26,0.26,-68.01,-0.07,16775.79,1.68
133,Exit long,2026-02-11 11:15,TP,66636.4,1.525142,101630.2774,-0.31,0.00,89.07,0.09,-28.22,-0.03,16775.48,1.68
133,Entry long,2026-02-11 11:10,L129,66636.6,1.525142,101630.2774,-0.31,0.00,89.07,0.09,-28.22,-0.03,16775.48,1.68
134,Exit long,2026-02-12 18:50,TP,65573.1,1.552971,101571.7577,261.37,0.26,398.03,0.39,-43.02,-0.04,17036.85,1.70
134,Entry long,2026-02-12 18:45,L130,65404.8,1.552971,101571.7577,261.37,0.26,398.03,0.39,-43.02,-0.04,17036.85,1.70
135,Exit long,2026-02-16 15:55,TP,67596.7,1.508663,101754.4916,226.15,0.22,351.82,0.35,-16.75,-0.02,17263,1.73
135,Entry long,2026-02-16 15:50,L131,67446.8,1.508663,101754.4916,226.15,0.22,351.82,0.35,-16.75,-0.02,17263,1.73
136,Exit long,2026-02-18 19:05,TP,66500,1.532541,101649.1534,264.82,0.26,268.04,0.26,-61.45,-0.06,17527.82,1.75
136,Entry long,2026-02-18 19:00,L132,66327.2,1.532541,101649.1534,264.82,0.26,268.04,0.26,-61.45,-0.06,17527.82,1.75
137,Exit long,2026-02-22 14:20,TP,67556.1,1.503961,101662.0485,-60.31,-0.06,102.12,0.10,-225.89,-0.22,17467.51,1.75
137,Entry long,2026-02-22 13:55,L133,67596.2,1.503961,101662.0485,-60.31,-0.06,102.12,0.10,-225.89,-0.22,17467.51,1.75
138,Exit long,2026-02-23 06:40,TP,65583.8,1.552897,101628.4124,216.47,0.21,319.28,0.31,-1881.49,-1.85,17683.99,1.77
138,Entry long,2026-02-23 01:15,L134,65444.4,1.552897,101628.4124,216.47,0.21,319.28,0.31,-1881.49,-1.85,17683.99,1.77
139,Exit long,2026-02-23 18:10,TP,64787.4,1.57081,101733.5097,35.19,0.03,105.24,0.10,-251.33,-0.25,17719.17,1.77
139,Entry long,2026-02-23 18:05,L135,64765,1.57081,101733.5097,35.19,0.03,105.24,0.10,-251.33,-0.25,17719.17,1.77
140,Exit long,2026-02-24 13:50,TP,62910.6,1.600929,101626.9729,-911.57,-0.90,55.07,0.05,-1726.28,-1.70,16807.6,1.68
140,Entry long,2026-02-24 04:05,L136,63480,1.600929,101626.9729,-911.57,-0.90,55.07,0.05,-1726.28,-1.70,16807.6,1.68
141,Exit long,2026-02-24 13:50,TP,62910.6,0.014789,930.2783826,0.11,0.01,1.63,0.17,-0.6,-0.06,16807.71,1.68
141,Entry long,2026-02-24 13:45,L137,62903.4,0.014789,930.2783826,0.11,0.01,1.63,0.17,-0.6,-0.06,16807.71,1.68
142,Exit long,2026-02-24 14:50,TP,63552.6,1.600929,100703.8773,1039.32,1.03,1221.83,1.21,-282.4,-0.28,17847.03,1.78
142,Entry long,2026-02-24 13:45,L137,62903.4,1.600929,100703.8773,1039.32,1.03,1221.83,1.21,-282.4,-0.28,17847.03,1.78
143,Exit long,2026-02-26 17:05,TP,66874.2,1.52896,101855.187,392.79,0.39,418.17,0.41,-75.53,-0.07,18239.82,1.82
143,Entry long,2026-02-26 17:00,L138,66617.3,1.52896,101855.187,392.79,0.39,418.17,0.41,-75.53,-0.07,18239.82,1.82
144,Exit long,2026-02-27 13:00,TP,65902.5,1.545858,101611.1014,264.81,0.26,282.12,0.28,-25.04,-0.02,18504.63,1.85
144,Entry long,2026-02-27 12:50,L139,65731.2,1.545858,101611.1014,264.81,0.26,282.12,0.28,-25.04,-0.02,18504.63,1.85
145,Exit long,2026-02-27 17:40,TP,65376.4,1.56254,101989.4859,163.75,0.16,316.73,0.31,-86.1,-0.08,18668.38,1.87
145,Entry long,2026-02-27 17:35,L140,65271.6,1.56254,101989.4859,163.75,0.16,316.73,0.31,-86.1,-0.08,18668.38,1.87
146,Exit long,2026-03-05 15:55,TP,71655.1,1.422653,101612.8483,327.49,0.32,476.73,0.47,-235.45,-0.23,18995.88,1.90
146,Entry long,2026-03-05 15:45,L141,71424.9,1.422653,101612.8483,327.49,0.32,476.73,0.47,-235.45,-0.23,18995.88,1.90
147,Exit long,2026-03-06 05:00,TP,70578.2,1.445091,101837.0079,154.91,0.15,169.8,0.17,-19.94,-0.02,19150.79,1.92
147,Entry long,2026-03-06 04:55,L142,70471,1.445091,101837.0079,154.91,0.15,169.8,0.17,-19.94,-0.02,19150.79,1.92
148,Exit long,2026-03-06 13:05,TP,69905.7,1.458436,101937.6759,15.31,0.02,182.16,0.18,-32.81,-0.03,19166.11,1.92
148,Entry long,2026-03-06 13:00,L143,69895.2,1.458436,101937.6759,15.31,0.02,182.16,0.18,-32.81,-0.03,19166.11,1.92
149,Exit long,2026-03-06 18:00,TP,67930.6,1.499878,101851.3154,36.3,0.04,189.58,0.19,0,0.00,19202.4,1.92
149,Entry long,2026-03-06 17:55,L144,67906.4,1.499878,101851.3154,36.3,0.04,189.58,0.19,0,0.00,19202.4,1.92
150,Exit long,2026-03-07 20:15,TP,67199.5,1.51774,101916.3928,74.98,0.07,175,0.17,0,0.00,19277.38,1.93
150,Entry long,2026-03-07 20:10,L145,67150.1,1.51774,101916.3928,74.98,0.07,175,0.17,0,0.00,19277.38,1.93
151,Exit long,2026-03-08 22:40,TP,65983.6,1.543506,101461.4408,384.64,0.38,788.11,0.78,-254.99,-0.25,19662.02,1.97
151,Entry long,2026-03-08 22:20,L146,65734.4,1.543506,101461.4408,384.64,0.38,788.11,0.78,-254.99,-0.25,19662.02,1.97
152,Exit long,2026-03-11 12:25,TP,69378,1.475096,102021.1796,318.03,0.31,330.13,0.32,-62.25,-0.06,19980.05,2.00
152,Entry long,2026-03-11 12:20,L147,69162.4,1.475096,102021.1796,318.03,0.31,330.13,0.32,-62.25,-0.06,19980.05,2.00
153,Exit long,2026-03-14 01:55,TP,70863.6,1.441056,102095.9355,22.48,0.02,22.48,0.02,-59.66,-0.06,20002.53,2.00
153,Entry long,2026-03-14 01:50,L148,70848,1.441056,102095.9355,22.48,0.02,22.48,0.02,-59.66,-0.06,20002.53,2.00
154,Exit long,2026-03-18 12:00,TP,72906.4,1.397811,102001.0643,-91.7,-0.09,82.33,0.08,-181.44,-0.18,19910.84,1.99
154,Entry long,2026-03-18 11:55,L149,72972,1.397811,102001.0643,-91.7,-0.09,82.33,0.08,-181.44,-0.18,19910.84,1.99
155,Exit long,2026-03-18 15:35,TP,71416.2,1.430277,101601.8721,543.08,0.53,629.46,0.62,-103.27,-0.10,20453.91,2.05
155,Entry long,2026-03-18 15:15,L150,71036.5,1.430277,101601.8721,543.08,0.53,629.46,0.62,-103.27,-0.10,20453.91,2.05
156,Exit long,2026-03-19 07:40,TP,70134.6,1.462601,102267.1096,311.83,0.30,327.48,0.32,-28.37,-0.03,20765.74,2.08
156,Entry long,2026-03-19 07:35,L151,69921.4,1.462601,102267.1096,311.83,0.30,327.48,0.32,-28.37,-0.03,20765.74,2.08
157,Exit long,2026-03-22 00:15,TP,68652.2,1.492173,102677.3194,-236.36,-0.23,124.15,0.12,-416.91,-0.41,20529.38,2.05
157,Entry long,2026-03-22 00:10,L152,68810.6,1.492173,102677.3194,-236.36,-0.23,124.15,0.12,-416.91,-0.41,20529.38,2.05
158,Exit long,2026-03-24 15:10,TP,69935,1.46108,102220.079,-39.45,-0.04,99.5,0.10,-108.12,-0.11,20489.93,2.05
158,Entry long,2026-03-24 15:05,L153,69962,1.46108,102220.079,-39.45,-0.04,99.5,0.10,-108.12,-0.11,20489.93,2.05
159,Exit long,2026-03-24 18:05,TP,69240.9,1.478452,102316.2707,53.08,0.05,169.73,0.17,-114.73,-0.11,20543.01,2.05
159,Entry long,2026-03-24 18:00,L154,69205,1.478452,102316.2707,53.08,0.05,169.73,0.17,-114.73,-0.11,20543.01,2.05
160,Exit long,2026-03-26 06:10,TP,70064.1,1.456275,101922.6485,109.95,0.11,134.12,0.13,-252.23,-0.25,20652.95,2.07
160,Entry long,2026-03-26 06:00,L155,69988.6,1.456275,101922.6485,109.95,0.11,134.12,0.13,-252.23,-0.25,20652.95,2.07
161,Exit long,2026-03-26 11:45,TP,69353.5,1.472174,102164.4591,-64.04,-0.06,34.01,0.03,-69.19,-0.07,20588.91,2.06
161,Entry long,2026-03-26 11:40,L156,69397,1.472174,102164.4591,-64.04,-0.06,34.01,0.03,-69.19,-0.07,20588.91,2.06
162,Exit long,2026-03-26 18:55,TP,68434.6,1.49145,101854.4017,212.38,0.21,236.84,0.23,-263.09,-0.26,20801.3,2.08
162,Entry long,2026-03-26 18:20,L157,68292.2,1.49145,101854.4017,212.38,0.21,236.84,0.23,-263.09,-0.26,20801.3,2.08
163,Exit long,2026-03-27 11:15,TP,66574.4,1.537048,101999.1201,328.93,0.32,349.83,0.34,-0.15,0.00,21130.23,2.11
163,Entry long,2026-03-27 11:10,L158,66360.4,1.537048,101999.1201,328.93,0.32,349.83,0.34,-0.15,0.00,21130.23,2.11
164,Exit long,2026-04-02 11:35,TP,66340,1.516911,101785.7899,-1153.91,-1.13,285.33,0.28,-1570.91,-1.54,19976.31,2.00
164,Entry long,2026-04-02 02:05,L159,67100.7,1.516911,101785.7899,-1153.91,-1.13,285.33,0.28,-1570.91,-1.54,19976.31,2.00
165,Exit long,2026-04-02 11:35,TP,66340,0.019018,1263.089979,-1.44,-0.11,0.61,0.05,-1.44,-0.11,19974.88,2.00
165,Entry long,2026-04-02 11:30,L160,66415.5,0.019018,1263.089979,-1.44,-0.11,0.61,0.05,-1.44,-0.11,19974.88,2.00
166,Exit long,2026-04-02 17:20,TP,67295,1.516911,100746.4025,1334.12,1.32,1493.4,1.48,-1121.6,-1.11,21309,2.13
166,Entry long,2026-04-02 11:30,L160,66415.5,1.516911,100746.4025,1334.12,1.32,1493.4,1.48,-1121.6,-1.11,21309,2.13
167,Exit long,2026-04-07 11:20,TP,68258.9,1.495903,102184.2364,-75.54,-0.07,103.37,0.10,-75.69,-0.07,21233.46,2.12
167,Entry long,2026-04-07 11:15,L161,68309.4,1.495903,102184.2364,-75.54,-0.07,103.37,0.10,-75.69,-0.07,21233.46,2.12
168,Exit long,2026-04-09 01:05,TP,70822,1.443961,102202.1156,62.09,0.06,112.63,0.11,-17.33,-0.02,21295.55,2.13
168,Entry long,2026-04-09 01:00,L162,70779,1.443961,102202.1156,62.09,0.06,112.63,0.11,-17.33,-0.02,21295.55,2.13
169,Exit long,2026-04-12 02:15,TP,71740.9,1.426416,101827.8443,504.52,0.50,628.91,0.62,-121.53,-0.12,21800.07,2.18
169,Entry long,2026-04-12 02:05,L163,71387.2,1.426416,101827.8443,504.52,0.50,628.91,0.62,-121.53,-0.12,21800.07,2.18
170,Exit long,2026-04-12 15:00,TP,70714.3,1.444646,102117.1139,40.02,0.04,159.92,0.16,-44.78,-0.04,21840.09,2.18
170,Entry long,2026-04-12 14:55,L164,70686.6,1.444646,102117.1139,40.02,0.04,159.92,0.16,-44.78,-0.04,21840.09,2.18
171,Exit long,2026-04-15 08:05,TP,73733.6,1.38603,102157.6184,39.36,0.04,49.62,0.05,-90.23,-0.09,21879.45,2.19
171,Entry long,2026-04-15 08:00,L165,73705.2,1.38603,102157.6184,39.36,0.04,49.62,0.05,-90.23,-0.09,21879.45,2.19
172,Exit long,2026-04-18 16:35,TP,75991,1.344686,102251.5371,-67.5,-0.07,63.74,0.06,-134.47,-0.13,21811.95,2.18
172,Entry long,2026-04-18 16:30,L166,76041.2,1.344686,102251.5371,-67.5,-0.07,63.74,0.06,-134.47,-0.13,21811.95,2.18
173,Exit long,2026-04-19 18:45,TP,74669.4,1.368321,102241.6293,-69.92,-0.07,16.15,0.02,-150.93,-0.15,21742.02,2.17
173,Entry long,2026-04-19 18:40,L167,74720.5,1.368321,102241.6293,-69.92,-0.07,16.15,0.02,-150.93,-0.15,21742.02,2.17
174,Exit long,2026-04-19 22:15,TP,73986.1,1.383716,102605.3088,-229.56,-0.22,0,0.00,-286.43,-0.28,21512.47,2.15
174,Entry long,2026-04-19 22:10,L168,74152,1.383716,102605.3088,-229.56,-0.22,0,0.00,-286.43,-0.28,21512.47,2.15
175,Exit long,2026-04-21 17:40,TP,75568,1.356747,102162.5064,364.15,0.36,578.92,0.57,-84.39,-0.08,21876.62,2.19
175,Entry long,2026-04-21 17:35,L169,75299.6,1.356747,102162.5064,364.15,0.36,578.92,0.57,-84.39,-0.08,21876.62,2.19
176,Exit long,2026-04-23 10:25,TP,77275.3,1.324252,102317.8011,14.17,0.01,113.09,0.11,-28.21,-0.03,21890.79,2.19
176,Entry long,2026-04-23 10:20,L170,77264.6,1.324252,102317.8011,14.17,0.01,113.09,0.11,-28.21,-0.03,21890.79,2.19
177,Exit long,2026-04-28 11:45,TP,76261.5,1.340091,102103.4094,93.94,0.09,100.64,0.10,-40.74,-0.04,21984.73,2.20
177,Entry long,2026-04-28 11:40,L171,76191.4,1.340091,102103.4094,93.94,0.09,100.64,0.10,-40.74,-0.04,21984.73,2.20
178,Exit long,2026-04-29 18:30,TP,75107.6,1.36061,102458.287,-266.14,-0.26,0,0.00,-367.36,-0.36,21718.59,2.17
178,Entry long,2026-04-29 18:25,L172,75303.2,1.36061,102458.287,-266.14,-0.26,0,0.00,-367.36,-0.36,21718.59,2.17
179,Exit long,2026-05-03 06:50,TP,78128,1.307927,102159.6929,26.03,0.03,26.03,0.03,-34.01,-0.03,21744.62,2.17
179,Entry long,2026-05-03 06:40,L173,78108.1,1.307927,102159.6929,26.03,0.03,26.03,0.03,-34.01,-0.03,21744.62,2.17
180,Exit long,2026-05-07 14:10,TP,80468.7,1.269916,102086.7694,101.72,0.10,114.29,0.11,-92.2,-0.09,21846.34,2.18
180,Entry long,2026-05-07 14:05,L174,80388.6,1.269916,102086.7694,101.72,0.10,114.29,0.11,-92.2,-0.09,21846.34,2.18
181,Exit long,2026-05-08 02:35,TP,79605.5,1.283997,101880.5396,332.68,0.33,380.45,0.37,-8.09,-0.01,22179.02,2.22
181,Entry long,2026-05-08 02:20,L175,79346.4,1.283997,101880.5396,332.68,0.33,380.45,0.37,-8.09,-0.01,22179.02,2.22
182,Exit long,2026-05-10 21:10,TP,80800.1,1.26678,102291.3449,64.61,0.06,113.88,0.11,-20.9,-0.02,22243.63,2.22
182,Entry long,2026-05-10 21:05,L176,80749.1,1.26678,102291.3449,64.61,0.06,113.88,0.11,-20.9,-0.02,22243.63,2.22
183,Exit long,2026-05-13 14:20,TP,79681.1,1.283359,102261.8952,-2.44,0.00,83.42,0.08,-64.17,-0.06,22241.19,2.22
183,Entry long,2026-05-13 14:15,L177,79683,1.283359,102261.8952,-2.44,0.00,83.42,0.08,-64.17,-0.06,22241.19,2.22
184,Exit long,2026-05-15 14:10,TP,79075.4,1.29845,102483.2825,192.17,0.19,316.43,0.31,-154.52,-0.15,22433.36,2.24
184,Entry long,2026-05-15 14:05,L178,78927.4,1.29845,102483.2825,192.17,0.19,316.43,0.31,-154.52,-0.15,22433.36,2.24
185,Exit long,2026-05-16 10:35,TP,77888.1,1.312813,102177.8112,74.7,0.07,159.77,0.16,-301.16,-0.29,22508.06,2.25
185,Entry long,2026-05-16 10:25,L179,77831.2,1.312813,102177.8112,74.7,0.07,159.77,0.16,-301.16,-0.29,22508.06,2.25
186,Exit long,2026-05-18 06:40,TP,76687.3,1.33156,102197.23,-83.49,-0.08,80.96,0.08,-166.31,-0.16,22424.57,2.24
186,Entry long,2026-05-18 06:25,L180,76750,1.33156,102197.23,-83.49,-0.08,80.96,0.08,-166.31,-0.16,22424.57,2.24
187,Exit long,2026-05-22 20:00,TP,75827.1,1.350635,102423.9195,-9.18,-0.01,95.08,0.09,-59.29,-0.06,22415.39,2.24
187,Entry long,2026-05-22 19:55,L181,75833.9,1.350635,102423.9195,-9.18,-0.01,95.08,0.09,-59.29,-0.06,22415.39,2.24